,Actual Speed,Goal Speed,Goal Status,Ori W,Ori X,Ori Y,Ori Z,Pos X,Pos Y,Pos Z,Time
2,1.583908331,7.3373635652,0,0.9492348928000001,0.0037054109,-0.008227670500000001,0.3144386963,0.1507294989,-25.3061351704,0.1958321309,3.0
3,1.8105146295,7.2177882193,0,0.9461317056,0.0074784256000000006,-0.0076309081,0.3236056831,0.24874425390000002,-25.2308701649,0.19626579060000002,3.0625
4,2.0597404163,7.0409782346,0,0.9458462106000001,0.0081870996,-0.0076908338000000005,0.3244206659,0.2562599706,-25.2249123786,0.1962541133,3.09
5,2.5002772557,6.7242801324,0,0.9425580920000001,0.005313305,-0.0074722242000000005,0.3339164234,0.3573977506,-25.1401154755,0.1957240904,3.15
6,2.5820162752,6.7242801324,0,0.9410169046,0.0045982428,-0.0058634021,0.3382774925,0.4157012879,-25.0892725088,0.1958512788,3.185
7,2.9825513357,6.3031649711,0,0.9342597453,0.0060498026,-0.006634574000000001,0.35648016860000004,0.6090564815,-24.9163751152,0.1962869541,3.255
8,2.9482705961,6.2904685131,0,0.9319709124000001,0.007320936300000001,-0.008206209400000001,0.36236622420000003,0.6647089445000001,-24.8636494005,0.1961899137,3.2875
9,3.5078852178,5.4119948473,0,0.9274510410000001,0.007285228800000001,-0.0081155758,0.37378553940000003,0.7874456929,-24.7422401551,0.195947009,3.3375
10,3.9032769565,5.4119948473,0,0.9223077187000001,0.0074882213,-0.0070370995,0.38631965760000003,0.9243803362,-24.5998301856,0.19600649080000002,3.3925
11,3.9358783506,3.9700501636,0,0.9166505648000001,0.0087681383,-0.0058819952,0.3995500769,1.0489938269,-24.4640968243,0.1960518689,3.4375
12,4.3488359944,10.6691872614,0,0.9126479746,0.0070673895,0.0039274045,0.4086664924,1.1298117047,-24.3718195269,0.19611697660000002,3.4825
13,4.5852335542,10.2194067847,0,0.9020444716,0.012373458700000001,-0.00017107220000000002,0.43146568760000004,1.2786640132,-24.1880147724,0.19650792690000002,3.5375
14,4.444979591,10.0329094549,0,0.8971888492000001,0.0028871587,-0.0047648825,0.4416119666,1.5057269822000001,-23.874107308,0.1961784358,3.6225
15,4.6147284613,9.5419159057,0,0.8996298797000001,0.0025970900000000002,-0.010895616200000001,0.43650958780000004,1.6418420654,-23.6920783921,0.1965718054,3.68
16,5.2718228641,9.2025267426,0,0.8986135345,0.0058629003,-0.0087985731,0.43861364220000004,1.7653402491999999,-23.5343336557,0.19700858810000002,3.7199999999999998
17,5.3915610798,8.8344715508,0,0.8987545412,0.0063302671,-0.0075842022,0.43834082890000003,1.8706478073000001,-23.4017935155,0.1969233511,3.76
18,5.6505513572,7.9968629573,0,0.9016856793,0.0041781917,-0.0073572269000000004,0.43230932180000003,2.1287270858,-23.0793844403,0.1967139397,3.8075
19,5.8948064362,7.5485133942000004,0,0.902944021,0.0060619398,-0.007731843600000001,0.4296458617,2.3507787049,-22.8063035074,0.1968708746,3.8725
20,6.0012304256,7.0484924184,0,0.902944021,0.0060619398,-0.007731843600000001,0.4296458617,2.3507787049,-22.8063035074,0.1968708746,3.8875
21,6.0679856399,7.0547176687,0,0.908503378,0.0010691071,-0.004456465000000001,0.4178523772,2.763083288,-22.3114751489,0.1969075787,3.9725
22,6.4042014964,7.0547176687,0,0.9103798472,0.0049553268,-0.0095452991,0.41363373400000003,2.9247362631,-22.1238883572,0.19701455580000002,4.0075
23,6.978048794,4.6742525761,0,0.9114281877,0.0018203998000000002,0.0009729945,0.4114540048,3.1161297827,-21.9068877375,0.19715235350000002,4.07
24,5.8184750935,4.6742525761,0,0.9129961080000001,-0.0023899093,0.0031158719,0.4079493675,3.2434797928,-21.7645485375,0.1972268845,4.09
25,6.4335121992,3.6138529676,0,0.9141614216,-0.0050885173,0.0150573487,0.40503861360000004,3.542800789,-21.435806251,0.1976783067,4.17
26,6.5459211623,4.0755369819,0,0.9144018836000001,-7.60985e-05,0.011382344800000001,0.40464754010000004,3.8753379282,-21.0703654856,0.1970227035,4.225
27,5.9688863453,3.9544933628,0,0.9154056765,-0.0003984365,0.0093425004,0.40242391390000004,4.0043864088,-20.9269099459,0.1968731055,4.2575
28,6.2571770082,3.6314337895,0,0.9137238269,-0.0023752643000000003,0.009660057000000001,0.40621399490000004,4.1636829121,-20.7509564418,0.1967797832,4.32
29,6.1620639795,3.4745016762,0,0.9105430712,-0.0002994149,0.0089717342,0.41331674760000003,4.3888189163,-20.4964363272,0.19681595770000002,4.345
30,5.5124608087,3.4745016762,0,0.9106911366,-0.0044938012000000005,0.0122711586,0.4128811912,4.6437604945,-20.2001997784,0.19675966790000002,4.4025
31,5.9813239505,3.4961327437,0,0.9095475807000001,-0.0035224806,0.0097368656,0.41547079800000003,4.7493132811,-20.0781130264,0.1969159946,4.44
32,5.7653625498,3.4961327437,0,0.9067413710000001,-0.0006016825,0.0086372066,0.4215982955,4.9822548168,-19.805993865,0.1970716431,4.5
33,5.3812747986,3.6424833402,0,0.906833592,-0.0017143635000000002,0.0106173404,0.4213515983,5.0900727018,-19.676978887,0.1967773533,4.5475
34,5.2058159523,4.3083378273,0,0.9042883906,-0.0031196649,0.0104959736,0.4267816876,5.3167273419,-19.4030788953,0.1967197719,4.6175
35,5.2508786428,3.0639688298,0,0.9024643964,-0.0014319568000000001,0.0087684506,0.43067281890000003,5.4838416099,-19.1973241199,0.19693134480000002,4.64
36,4.8986296303,3.3214135135,0,0.900913944,-0.0017125557,0.0087865595,0.4339054378,5.6129472477,-19.0358046662,0.1969018308,4.7
37,4.7208282951000005,3.3214135135,0,0.9008982948,-0.0007049183,0.0083684812,0.4339489993,5.760671397,-18.8470657648,0.1967732232,4.7375
38,4.7555818522,2.9889327421000003,0,0.9012022929,-0.0025955664000000002,0.006705824700000001,0.43333903840000004,5.92059221,-18.6455058341,0.1969861151,4.7975
39,4.7132488969,3.5248335856,0,0.9014291669000001,-0.0008617294,0.0081470182,0.4328490968,6.0844013118,-18.4431244232,0.19714946160000002,4.8525
40,4.1544739923,2.3926174086,0,0.9029886793,-0.0022405332,0.0091327923,0.42956142420000004,6.2289339668,-18.2655986342,0.1971188093,4.8925
41,4.3483332374,2.3926174086,0,0.9044330314000001,-0.0030529938,0.009710004000000001,0.4264941813,6.3977744095,-18.061403447,0.1969464869,4.9475
42,4.0493088532,3.5396978638,0,0.9072699586,-0.005465136000000001,0.012347895900000001,0.4203318737,6.6020824309,-17.8203687566,0.197074408,5.0225
43,3.6211432736,4.0491650382,0,0.9072699586,-0.005465136000000001,0.012347895900000001,0.4203318737,6.6020824309,-17.8203687566,0.197074408,5.04
44,4.1877743681,3.9543388115,0,0.9074221035000001,-0.0020683032,0.009994054,0.4200963784,6.7665445085,-17.6314894846,0.1969586892,5.0875
45,3.720186981,3.9957676211,0,0.9069189308000001,-0.0020615897,0.0072013798,0.42123858200000003,6.8913231609,-17.4841859093,0.1967706643,5.15
46,4.1096327882,3.9357754839,0,0.9075002776000001,0.0008529377,0.0015886169,0.4200476104,7.0311035985,-17.3173252721,0.1968838117,5.205
47,3.6596182001,3.9357754839,0,0.9094197202000001,-0.0020977136,0.0035345751000000003,0.4158592057,7.1602557915,-17.1673840758,0.1968657802,5.245
48,3.5041946079,4.1001086836,0,0.9108592762000001,0.0016170714,0.0002241345,0.41271384,7.3092739435,-17.0012895359,0.1968459827,5.3075
49,3.8378985284000002,4.0696268481,0,0.9107795747,0.0030607946,-0.0020313058,0.4128765816,7.3657177211,-16.9389291441,0.1967374852,5.335
50,3.8460801109,3.5398358671,0,0.9117806831,0.0024121890000000003,0.00012636800000000002,0.4106703681,7.4944279616,-16.7947112311,0.19646449870000002,5.39
51,4.2558165484,4.0295248867,0,0.9133260424,-0.0029378374,0.0076071287,0.4071474437,7.6304531024,-16.6419578338,0.1966611975,5.4475
52,3.6799715656,3.9277834145,0,0.9120027261,0.0014393899,0.0014624111,0.4101790061,7.7711376396,-16.4851824046,0.1968620049,5.4975
53,3.6598820773,3.4443912969,0,0.9121470442,0.0014785604,0.0001299311,0.4098604235,7.9072830138,-16.3321630979,0.1967633161,5.5375
54,3.7559933355,3.0785777863,0,0.9134059646,-0.0024041669,0.0083680296,0.4069566805,8.0595726742,-16.1616268712,0.19672835500000002,5.59
55,3.8072068001,2.5179047454,0,0.9134283407,-0.0029581938000000003,0.009666767000000001,0.4068740212,8.1439531059,-16.0682282662,0.1969408551,5.635
56,3.6250678159,2.5179047454,0,0.9128631477,-0.0018485598000000001,0.007725974500000001,0.40818839490000003,8.3057004953,-15.8899301334,0.19699954990000001,5.69
57,3.5569520564,2.597047603,0,0.9125555387000001,-0.0031068827000000003,0.0098625043,0.4088220481,8.383098761,-15.8033405158,0.1968822089,5.7425
58,3.0379323634,4.2839181514,0,0.9128276652,-0.0023064591,0.006844047000000001,0.4082811445,8.5254355979,-15.6424954399,0.1968813658,5.8025
59,3.682867476,4.1244234561,0,0.9125072956,0.0031264129,-0.0053594496,0.40901337050000003,8.6467531968,-15.5074491442,0.1969485739,5.855
60,3.5664402182,4.1244234561,0,0.9121258535000001,0.0032171982,-0.0025509026,0.4098897047,8.7163148647,-15.4304941646,0.1968284401,5.895
61,3.6199174373,3.6645832491,0,0.9125150119000001,0.003358376,-0.0032266087,0.40901670290000003,8.8603834575,-15.2707735512,0.19653028790000002,5.945
62,3.5929275684,4.0478533323,0,0.9133255515,-0.0004190861,0.005697095100000001,0.4071901331,8.9867841506,-15.1294046544,0.1964495964,5.985
63,3.9975800343000003,4.0578110626,0,0.9148835857000001,0.0028988927,-0.0039429155000000006,0.40368809050000004,9.1086678199,-14.994989774,0.1968265836,6.0475
64,3.8964434934,4.0578110626,0,0.9150862597,0.0018576495,0.0018889812000000001,0.4032494491,9.2557820604,-14.8360270893,0.19674531920000002,6.1025
65,4.2945833624,3.7186090675,0,0.9149255166,0.0014991279000000001,0.0016185505,0.4036166895,9.3985292673,-14.6817149716,0.1967215086,6.145
66,3.8416374693,4.0440488439,0,0.9141508675000001,-0.0024238292000000002,0.0081872604,0.4052842032,9.5480436584,-14.5174039666,0.19677132860000002,6.1875
67,4.3792922264,4.0440488439,0,0.9136689412000001,0.0005615235,0.0027876703,0.4064492335,9.6331941541,-14.4222468541,0.19683344120000001,6.245
68,3.6695040017,3.8735402255,0,0.9130356207,-0.0026088387000000003,0.0094413445,0.4077621983,9.7911199615,-14.2452125555,0.1968900325,6.295
69,4.198913863,3.8735402255,0,0.9127146087,0.0009059476,0.0033157564,0.4085831961,9.9227479055,-14.0984132852,0.1968821172,6.3325
70,3.8126036361,4.1545434638,0,0.9123253315000001,-0.0005324539,0.0055155654,0.4094286073,10.0941312499,-13.9068831732,0.1969028759,6.3975
71,3.8596133472,4.1545434638,0,0.9124156279000001,-0.0003389015,0.0045368602,0.409239568,10.1909863932,-13.7981205603,0.1969318683,6.445
72,3.9597223406,3.9974554024,0,0.9136909201000001,0.0014265189,0.0004877573,0.4064069755,10.3478655772,-13.6235945841,0.1966645584,6.4975
73,3.9661179992,4.0988278398,0,0.9142528775000001,-0.0009497624000000001,0.0034988717,0.4051277968,10.4346523715,-13.5285229925,0.19669361130000002,6.5375
74,4.129655321,4.0490279473,0,0.9157957224000001,0.0010754091,0.00046296660000000003,0.401642657,10.5977429886,-13.352606458,0.1967678549,6.6175
75,4.0396370415,4.0490279473,0,0.9163815701,0.0001391612,0.0018304183,0.4003016964,10.8721485092,-13.0606909672,0.196735146,6.69
76,4.1638599911,4.0564935029,0,0.9169393339,-0.000340446,0.0031989792000000003,0.3990136697,10.9427565616,-12.9847670646,0.1967223268,6.7325
77,3.7610160387000002,4.0587157592,0,0.9179107587,0.00047182720000000004,0.0047194846000000006,0.3967585449,11.0415544854,-12.878885865200001,0.1968110874,6.7725
78,4.2282523737,4.0587157592,0,0.9184362761,-0.0022877281,0.0067359971,0.395504993,11.1614676434,-12.7524060048,0.19695534010000001,6.795
79,4.0262065679,3.9688870081000003,0,0.9185363758,0.0018288559,0.0017402603,0.3953284117,11.2384320444,-12.6720952456,0.1969586773,6.8475
80,3.8040092618,3.6601177619,0,0.9184889281,0.000407264,0.0032175301,0.39543339590000004,11.4138751626,-12.4883798097,0.1968580194,6.895
81,4.1080884190999996,3.9633673176,0,0.9189260025,-0.0013859209,0.0065244399,0.3943735702,11.5948950459,-12.2977646617,0.1968170417,6.9575
82,4.126651531,3.9845372348,0,0.9168908548,0.0011840585,0.0015391608,0.3991332977,11.7438532149,-12.1399813533,0.1968237301,6.9975000000000005
83,3.9203354459,3.9845372348,0,0.9153025793,0.0005445027,0.0048290155000000005,0.4027375975,11.902310894,-11.9655232093,0.1965924959,7.0625
84,4.1029623295,3.989121646,0,0.9151355856000001,0.0014903179,-0.0011766204,0.40314173000000003,11.973901015500001,-11.8853882665,0.1965668489,7.0825
85,4.2585011794,3.6596488181,0,0.9134946144,0.004120979800000001,-0.0033661255,0.4068160226,12.1461754127,-11.6940026406,0.1968164108,7.1575
86,3.6447721207,3.6596488181,0,0.9117976678,0.0012729744,0.0030281105000000003,0.41062662240000003,12.2348661554,-11.5949609959,0.1968073706,7.2
87,4.283637426,3.6596488181,0,0.9110355961000001,-0.001135455,0.0083955099,0.4122406684,12.3227106752,-11.4950061835,0.1967940401,7.2425
88,4.2243931512,4.0498440646,0,0.9096484664000001,-0.0028748987,0.0097069914,0.41525555620000004,12.4978784877,-11.2907001392,0.1969262701,7.3025
89,3.7248988981,4.0498440646,0,0.9083977382,-0.0001225993,0.0041903266000000005,0.41808608610000003,12.6241079195,-11.1424680638,0.19696234880000002,7.3475
90,3.7914917822,4.0498440646,0,0.9083760414000001,0.0006216673,-0.0006973441000000001,0.4181531952,12.749928899,-10.9948183273,0.1969425287,7.3975
91,4.2385590668,4.0498440646,0,0.9080339406,0.0022589005,0.0002811503,0.41889041650000003,12.9035093119,-10.8167306573,0.1966659909,7.46
92,4.0025397717,4.0498440646,0,0.9071165781,0.0008137281,0.0034919075,0.4208641803,12.9937602643,-10.7111064568,0.19662996100000002,7.4975
93,3.8247869582,4.0498440646,0,0.9062551902,9.26823e-05,0.0045251516,0.4227068069,13.1593970682,-10.5126965609,0.196782765,7.55
94,3.8617250328,4.0498440646,0,0.9060782397,0.0009605373,0.0028545318000000003,0.4230994594,13.2483778516,-10.405425363300001,0.1968604247,7.605
95,4.2784010474,4.0517724985,0,0.9047542876,0.0018000384,0.0018237139000000001,0.42592618260000004,13.4282799552,-10.1892916169,0.19678577290000002,7.6575
96,4.2362174665,4.0517724985,0,0.9037729612000001,0.0010765452,0.0030173656,0.4280002,13.5576779938,-10.032930384,0.1967097519,7.7075
97,3.8997255939,1.413631264,0,0.9035090403,-0.0004146937,0.0040159605000000004,0.4285500137,13.6919379258,-9.8675683706,0.1966228068,7.7525
98,4.0133786764,1.5229935597000002,0,0.9042010726,-0.0039274128,0.0091859777,0.4269901796,13.8556665272,-9.6665357805,0.1969257949,7.82
99,3.7202092018,1.5229935597000002,0,0.9054108502,-0.0043663885,0.0094165764,0.424409537,13.9107830423,-9.60024722,0.1970126931,7.8425
100,3.6786510665,5.0764989153,0,0.9071501333,-0.0030319302,0.0080598847,0.42071900510000004,13.9959690734,-9.5005050639,0.1971312826,7.9025
101,3.7203857969,5.0764989153,0,0.9053224453000001,0.008870942100000001,-0.0089626746,0.424537686,14.2251604999,-9.2337740853,0.1964924915,7.985
102,3.9610261559,5.0764989153,0,0.9052979215,0.0059749544,-0.006785429000000001,0.42468097590000004,14.2996289727,-9.1438472232,0.1961457207,8.01
103,4.1271418528,5.0764989153,0,0.9055258301,0.0045685037000000005,-0.006044044,0.42422348990000003,14.3637671525,-9.0655847558,0.1961295726,8.0375
104,4.1601017853,6.7737274531,0,0.9085396244,0.0044791656000000004,-0.0095115002,0.41766639710000003,14.5334791665,-8.8619515657,0.19652819740000002,8.0975
105,4.7878535412000005,6.7737274531,0,0.9101381364000001,0.0047778233,-0.0074811301,0.4142098233,14.7125384086,-8.6573104781,0.1969418491,8.17
106,4.8222528933,6.7737274531,0,0.9095187960000001,0.005461960300000001,-0.0069004763000000005,0.4155696213,14.815540163,-8.541318463,0.1967807167,8.2
107,5.4064332921,6.7737274531,0,0.910297181,0.003968963,-0.0066808035000000005,0.4138824186,15.0922155718,-8.2248718898,0.1966312751,8.265
108,5.7993652079,6.7737274531,0,0.9125763748,0.0048290125,-0.010015221000000001,0.40875510530000003,15.1898032135,-8.1135197028,0.1967627753,8.295
109,5.8526342003,6.7737274531,0,0.9144103582,0.0022502746000000002,-0.008173442900000001,0.4046996761,15.34720211,-7.937440695,0.1969371185,8.355
110,6.0748201575,6.7737274531,0,0.9131063340000001,0.0061441281,-0.006470210200000001,0.40762385710000004,15.6245248998,-7.635975826,0.1967316583,8.42
111,6.3127493661,8.8413146615,0,0.912576452,0.0055919074,-0.0043132144,0.40884513710000003,15.7697267752,-7.4769523967,0.1965191145,8.4625
112,6.3905706429,8.8413146615,0,0.9141823383000001,0.0011157045,-0.0012842008000000002,0.4052995908,15.9283612165,-7.3008738356,0.19657540710000002,8.485
113,6.0338290163,2.0014706919,0,0.9167898532000001,0.0081769214,-0.0134941685,0.3990581543,16.1798222552,-7.0240490005,0.196889012,8.5475
114,6.6680888608,5.2037969794,0,0.9138294257,-0.0013268839000000001,0.0168669034,0.40574564420000003,16.4310899708,-6.7510951473,0.1970809621,8.5975
115,6.8910752506,5.2037969794,0,0.9064941685000001,0.010786727500000001,0.0178405464,0.4217033127,16.5737719173,-6.5928675972,0.19738024780000002,8.645
116,6.1215470948,5.2037969794,0,0.8925617490000001,0.0168059456,0.019060640400000002,0.4502085921,16.8277383069,-6.2820442708,0.1979985537,8.68
117,6.0457052629,5.2037969794,0,0.8925677620000001,0.0045836087,0.0140532335,0.4506709304,17.0281157383,-6.0020203859,0.197644283,8.7475
118,5.7760513336,6.7411909372,0,0.8941881949,-0.0063916479,0.008131603000000001,0.4475717775,17.1141986461,-5.8745450925,0.1969404791,8.7775
119,6.1161651719,6.7411909372,0,0.8891450556,0.0055558083,-0.0067778212,0.4575415438,17.3663246172,-5.5163568882,0.1971272702,8.835
120,6.4486119312,6.7411909372,0,0.8813930534000001,0.0132219109,-0.00018188860000000002,0.4721985106,17.5485145754,-5.2591789433,0.1966590826,8.9075
121,6.8806723549,1.8186366016000002,0,0.8751602806000001,0.0148544377,0.0043003126,0.483585914,17.7003261372,-5.0301492033,0.1965790326,8.9325
122,6.3144578794,1.8186366016000002,0,0.8742619082,0.0028043440000000003,0.011972448,0.4852987863,17.8639271649,-4.7636458407,0.19625565650000001,9.0025
123,6.147315366,1.1737112942,0,0.8788106579,-0.0120450061,0.0044590299000000005,0.4769977594,18.0374080892,-4.4709186301,0.1964254253,9.035
124,5.6443818577,1.1737112942,0,0.8797451606000001,-0.0066197256,0.005932533,0.4753624267,18.2476962074,-4.1399831225,0.1981157677,9.1025
125,5.0058122217,3.2340312859,0,0.8846668973,-0.0113416661,0.011444814000000001,0.4659451294,18.4591492112,-3.8255449838,0.19812787,9.1525
126,5.0009504782,6.8814575885,0,0.8885704499,-0.007522733,0.008288002400000001,0.4586036122,18.5434330162,-3.704578477,0.19786117120000002,9.18
127,5.6775551398,6.8814575885,0,0.895754849,-0.0039884315,-0.0043858583,0.4445088381,18.7219871348,-3.4601080474,0.1975492391,9.2375
128,5.8456355662,6.8814575885,0,0.8994979357,0.0043206747,-0.0089665331,0.4368116262,18.9028564049,-3.2259479781,0.1968765311,9.295
129,6.3764339352,6.05475373,0,0.9011110510000001,0.0024347096,-0.0083015623,0.4335020531,19.1170594202,-2.9590486109,0.1964854737,9.34
130,6.0602733938,6.6128764351000004,0,0.9054022613,-0.0021374068,0.0053766981000000005,0.42451533280000003,19.3625767716,-2.6601058222000002,0.1968609523,9.4
131,7.1877861256,5.5289479111,0,0.9065202409,0.007450170900000001,-0.0098368155,0.4219819721,19.6008523117,-2.377975648,0.1973684052,9.4575
132,6.1173907798,5.5289479111,0,0.9048737869000001,0.0013659115,0.0030047697000000003,0.42566716520000003,19.7073149625,-2.2523383307,0.19715463700000002,9.4825
133,6.1060540737,4.0060476664,0,0.9047438065000001,-0.0029292406000000003,0.010216850900000001,0.4258235316,20.014806907,-1.8778745329,0.1965005634,9.55
134,6.1807932801,4.0060476664,0,0.9057902619,-0.0032321461,0.0090051019,0.4236182985,20.1341787482,-1.7319044140000002,0.1968233249,9.5925
135,6.0531911159,4.0060476664,0,0.9032333115000001,-0.0031853779,0.0113724471,0.4289873025,20.3302901347,-1.4939460444,0.19738127800000002,9.6325
136,5.8105833653,4.0060476664,0,0.9024942576,-0.0018236411,0.0076893478,0.43062938040000004,20.53885266,-1.2381504445,0.1970523035,9.6925
137,5.7355527015,4.2933243948,0,0.9033154791,-0.0009930695,0.0079022166,0.4289029191,20.713663174,-1.0217804746,0.1969274131,9.7375
138,5.4107648916,1.3574574406,0,0.9025629309000001,-0.0034127398,0.010880585,0.4304069258,20.8843955097,-0.8110889996,0.1969869229,9.7925
139,5.2329250458,1.3574574406,0,0.9006970821,-0.0015269778,0.0107767667,0.4343112892,21.0072321242,-0.6589471691000001,0.19711986480000002,9.8475
140,5.4356169594,1.3574574406,0,0.9032193324000001,-0.0044555224,0.0043080657000000005,0.4291345085,21.2598902065,-0.339969222,0.1969802769,9.9025
141,4.1955437184,1.3574574406,0,0.9063736689,-0.007083545,0.0100048991,0.4222990619,21.384370774,-0.1875179226,0.1972521312,9.9425
142,4.9128874988,1.3574574406,0,0.9081633846,-0.003293086,0.0047538213,0.41857594730000003,21.5171375055,-0.0311115822,0.1971455479,9.99
143,4.6055527823,1.6135857815999999,0,0.9064635878,0.000220954,0.0116938912,0.42212198240000004,21.7123535441,0.1938288557,0.1968415403,10.0425
144,4.3874546745,1.6135857815999999,0,0.9086923995,-0.0019918877,0.0096653343,0.41734965770000004,21.9046620612,0.42175510050000004,0.1965661531,10.1075
145,4.1514511689,1.368446766,0,0.9085186646000001,-0.0019322943,0.0098900922,0.417722741,22.1205113989,0.6729157125,0.19705823020000002,10.165
146,4.3558996719,2.5390003744,0,0.9067201997000001,-0.0024568068,0.010283078000000001,0.4216001682,22.1993720131,0.7650655981000001,0.1970676143,10.22
147,4.2559845114,5.1175551849,0,0.904747896,-0.0025683705,0.0085932062,0.42585303220000004,22.4930630272,1.1253864214,0.1965943449,10.3
148,4.0813469168,5.1175551849,0,0.9046417202,-0.0028280244000000003,0.008741794300000001,0.4260738684,22.4994693703,1.1332568259,0.1966134777,10.31
149,4.3470473764,5.1175551849,0,0.9006295668000001,0.0057109448,-0.0049936981,0.434521382,22.6254903697,1.2887836209,0.1969680162,10.3575
150,4.304793121,5.1175551849,0,0.8984048045,0.0083031643,-0.0062044196,0.4390459769,22.7161619828,1.4037758555,0.1965490852,10.4125
151,4.3475240759,5.1175551849,0,0.8979882621,0.0045232365000000005,-0.0050368899,0.4399673296,22.8157146362,1.5340501951999999,0.1959728574,10.44
152,4.8500361852000005,6.6885762282,0,0.8996267019,0.004123913,-0.0053765008000000005,0.436607242,23.0111754669,1.7910440206,0.1964615868,10.5025
153,4.8844681307,8.7431315507,0,0.9006615822,0.00294443,-0.0081187304,0.43443541630000004,23.1013783107,1.9060731586,0.1968190173,10.555
154,5.8464222728,8.7431315507,0,0.9024542414000001,0.0043900954,-0.0080408279,0.43068830300000005,23.2041944442,2.0338587183,0.1967686268,10.5875
155,5.724260146,7.6449108335,0,0.9069921119000001,0.005548554000000001,-0.0113095122,0.4209591636,23.4419726236,2.3196408647,0.19673414150000001,10.655
156,5.7073892597,7.6449108335,0,0.9105839569,0.0036192552,-0.0059747042,0.4132651224,23.6923111798,2.6087490221,0.1966831697,10.7025
157,6.3008439336,7.6449108335,0,0.9153631859,0.0078107569,-0.0060168645,0.402508419,23.8304749034,2.7631865402,0.1969277338,10.76
158,6.1419781579,6.4684285332,0,0.9198919518,0.0016408227000000001,-0.0093775278,0.39205633100000004,24.0603175486,3.0119457033,0.1970092887,10.79
159,6.5400903788,6.4684285332,0,0.9238228547,-0.0039111773,0.0012709431,0.3827981458,24.3283619184,3.2890721171,0.19717127480000002,10.845
160,6.5400751568,6.4684285332,0,0.9245215371000001,-0.0009625856000000001,-0.0021514972,0.3811225157,24.4439181158,3.4049070537,0.1972073662,10.89
161,6.3020625494,4.2886183095,0,0.9244933059,0.0008601094,0.0029013980000000003,0.3811862661,24.6764921975,3.6342577483,0.1973614363,10.945
162,5.8918894033,4.2886183095,0,0.9279069899,-0.0058782733,0.011772082100000001,0.3725794978,25.075189899,4.0224475621,0.19708196990000001,11.005
163,6.1221139157,1.102975592,0,0.9295154552,-0.0018114036,0.008848168,0.3686725476,25.2379162626,4.1770017734,0.1974813649,11.055
164,6.6493690156,1.102975592,0,0.9288885878,-0.0019890961,0.007389992200000001,0.3702801953,25.3869961755,4.3166527932,0.19748501840000002,11.0975
165,6.2848788057,5.2037374803,0,0.9321136103000001,-0.005140939000000001,0.009242784,0.36201154560000004,25.6239566631,4.5360491344,0.1974458304,11.135
166,4.9711441894,0.0,0,0.9426490845000001,-0.012275478000000001,0.0052318991,0.3335185802,25.8817248559,4.7628783296,0.1981775576,11.205
167,5.3189498653000005,0.0,0,0.9448440217,-0.005798990600000001,0.0059593593000000005,0.32741507670000003,26.0165413167,4.8736013791,0.1981895991,11.24
168,5.0930134387,0.0,0,0.9388455921000001,0.0040771661,0.0125360626,0.3440860039,26.2924114563,5.0944065496,0.1970181353,11.2875
169,4.9531515809,0.0,0,0.9378163414,0.0009494884,0.010517861600000001,0.34697115570000003,26.5703300508,5.3348289666,0.1963893062,11.365
170,4.950480027,0.0,1,0.9405246133,-0.0118771656,0.0070869581000000004,0.3394438977,26.7961958501,5.5358172321,0.1967568025,11.4025
171,4.6421978078,0.0,1,0.9399130055,-0.0055633374,0.0117393448,0.3411667907,26.9228093305,5.6431170315,0.1973607943,11.4475
172,4.9111939342,0.0,1,0.9368902686,0.0009832106,0.0089061138,0.34950871110000004,27.0373928156,5.7394228528,0.19743176380000002,11.485
173,4.4802567684,0.0,1,0.9343695435,-0.0006033190000000001,0.0106067582,0.3561470047,27.2912194201,5.9638900915,0.1967859412,11.5375
174,4.4131168972,0.0,1,0.9346197732,-0.0035566076,0.011019005200000001,0.3554599999,27.4881765831,6.1448483501,0.196692789,11.5925
175,4.2994090121,0.0,1,0.9336229873,-0.0026372998,0.0100647557,0.3581059381,27.5887202875,6.2349822045,0.1969039983,11.6425
176,3.8360541666,0.0,1,0.9304919251,-0.0020328553,0.0081073697,0.3662170332,27.79748961,6.4250803534,0.1969192932,11.6975
177,3.7841052258000003,0.0,1,0.9305263406000001,-0.0022703322,0.009580962200000001,0.3660925843,27.9786602289,6.597050655,0.1967794206,11.7475
178,4.0224222084,0.0,1,0.9289966055000001,-0.0023581653000000003,0.008821189600000001,0.3699755838,28.087489794,6.7010016178,0.1968634438,11.7975
179,3.6848368074,-2.838983934,1,0.9262527939,-0.0014253538000000001,0.0106913917,0.3767484894,28.2543881317,6.8625786422,0.1969938572,11.8525
180,3.7342393837000003,-3.7440993627,1,0.9249709628,-0.0021615559,0.0092724741,0.3799185004,28.391616193,7.0008681586,0.1967375714,11.895
181,3.2642424636,-3.7440993627,1,0.9288488636000001,-0.0123664922,0.0078436606,0.37016933350000003,28.4677142344,7.0771232232,0.19678438880000002,11.9325
182,2.5953775616,0.0,1,0.9416592813,-0.0207347745,0.00643305,0.3358667638,28.5999707211,7.1967964734,0.19784428410000002,11.9875
183,3.0433265728,0.0,1,0.9494872361000001,-0.0230519554,0.0041837440000000005,0.3129298519,28.6819493578,7.2601568849,0.1986369507,12.045
184,2.8564268954000003,0.0,1,0.9544952675,0.0013295031000000001,0.011897337400000001,0.2979856878,28.9224695629,7.4090329695,0.19715508510000002,12.105
185,2.6084679454,-1.3532055914,1,0.9537829832,0.0048533396,0.013627211200000001,0.3001479056,28.9762607172,7.4411159665,0.1965070421,12.1525
186,2.5926207028,-1.3532055914,1,0.9530689624,0.0061130153,0.0137938982,0.3023771027,29.1015578862,7.5284121545,0.1960489305,12.185
187,2.0784914247,-0.8721983751,1,0.9539571316000001,-0.0034985153000000003,0.0083900291,0.2998052014,29.1709643539,7.5833595082,0.19606582020000002,12.255
188,1.9833056235000002,-0.9216993234,1,0.9626406277,-0.0253606668,0.0091783058,0.26943573860000003,29.2980985726,7.6742910354,0.19794389980000002,12.2875
189,1.6937570076,1.3444906649,1,0.9683315148,-0.0214426802,0.0037260834,0.2487175211,29.3588260254,7.7061582723,0.1987326297,12.355
190,1.3321590119,1.5438277194999999,1,0.9746785858,0.0018828242,0.0097107873,0.2233916068,29.5097260446,7.7586660943,0.1973703919,12.4025
191,1.9188811786,1.8928211411,1,0.9746201447,0.0038009043,0.0102626424,0.22359741700000002,29.5184354149,7.7611453094,0.19717437340000002,12.4375
192,1.8720815733,2.6303601077,1,0.9696653770000001,0.0227610819,0.015369327700000001,0.24288839720000002,29.6221188459,7.8039429714,0.19658518200000002,12.4975
193,1.8680549294,3.2289466379,1,0.9615032425000001,0.016485315400000002,0.0017110311,0.2742933127,29.7001207229,7.8633763926,0.1973717602,12.5475
194,2.154978289,3.4002446684,1,0.9574098611,0.0065493352,-0.0062444994,0.288590489,29.7423971395,7.9052315251,0.1967408085,12.59
195,2.2948121466,3.5996094979,1,0.9473040919000001,0.0044737541,-0.0077090914000000005,0.3202116688,29.8408684192,7.999525108,0.19566401690000002,12.645
196,2.9170441616,4.293034135,1,0.9258186251,0.015469805900000001,0.0011953314000000001,0.37764947990000003,29.9827015957,8.1364896034,0.1961610949,12.725
197,2.7717450345,4.293034135,1,0.9174624866000001,0.0176309129,0.0011962883,0.39742962330000003,30.0278674481,8.1881257743,0.1964378052,12.74
198,2.8961177544,4.5918322328,1,0.9068757122000001,0.0167763698,0.0004945231,0.4210638329,30.0853911107,8.2617873382,0.1966678662,12.785
199,3.6011155908,4.3265759659,1,0.8890795181000001,0.01583516,-0.0010088044,0.45747769400000005,30.1940995106,8.4258102863,0.1967845986,12.8725
200,3.6212320944,4.3265759659,1,0.874079472,0.013342801100000001,-0.0016684199,0.4855968109,30.2742039943,8.5683654781,0.1963510634,12.905
201,4.0956694439,4.3640319073,1,0.8380684234,0.0185731747,0.0078370847,0.5451925668000001,30.4087026583,8.8592904363,0.1968450978,12.9725
202,3.9168201588000002,5.2852159751,1,0.8380684234,0.0185731747,0.0078370847,0.5451925668000001,30.4087026583,8.8592904363,0.1968450978,12.99
203,4.1387827614,5.0502104665,1,0.8065670531,0.0244064217,0.0133538358,0.5904875871,30.4822870869,9.0770618975,0.1975479028,13.04
204,4.1637978976,4.6469879251,1,0.7758324626,0.017958427500000002,0.0034466832,0.6306739295,30.5398684676,9.3235361892,0.1968357437,13.0975
205,4.4480968341,4.7311447434,1,0.7617568504000001,0.0155067875,0.0075970559,0.6476328629,30.566022564,9.478432829,0.1966787726,13.14
206,4.8558149637,4.7311447434,1,0.7265251743000001,0.0167231521,0.0234422773,0.6865362095,30.594430322,9.7543308413,0.1968273166,13.185
207,4.3987692396,4.8312481018,1,0.6787050314,0.0283529891,0.0388065655,0.7328367068,30.5902699036,10.0536832736,0.198701864,13.245
208,4.1220833626,4.1455240211,1,0.6519423099,0.0246486068,0.020658257200000002,0.7575862374,30.5718106539,10.2018687135,0.19991710880000002,13.2925
209,3.8924400894,4.6261289921,1,0.6161765254,0.0135489539,0.0293057896,0.7869460503,30.4982617991,10.5384352687,0.1987333822,13.355
210,4.0036894051,4.6261289921,1,0.5950769486,0.023170097400000002,0.0241685474,0.8029710164,30.4554849116,10.6752040282,0.1977500859,13.3875
211,3.5089945198,4.30944733,1,0.5217260763,0.0198646755,0.0352243745,0.8521540585,30.2767544125,11.0856168389,0.19806519220000002,13.47
212,3.0050394946,4.30944733,1,0.49714113590000003,0.0232334778,0.04648525,0.8661120124,30.2201477343,11.1861094972,0.198577935,13.505
213,3.1044293757,3.1241609775,1,0.41681806190000004,0.0233945023,0.0631235555,0.906493694,30.0684754241,11.4104734102,0.2016066973,13.5475
214,2.9004111862,3.1241609775,1,0.3674585407,0.024950332800000002,0.0824276708,0.9260439411,29.9697222258,11.5315554194,0.2054240068,13.595
215,2.7686666951000003,10.8870481869,1,0.2823009017,0.035935356200000004,0.1979632311,0.9379900907000001,29.7184785745,11.7749137556,0.22305009220000002,13.645
216,3.1261316732,10.0372375246,1,0.20886805290000002,0.062436345000000004,0.30925093670000003,0.9256563604,29.4577668928,11.9709823695,0.2591356865,13.705
217,2.7057227616,10.0372375246,1,0.20823760700000002,0.1030923261,0.35277281250000003,0.9063996989,29.2830710938,12.0915128542,0.2852901058,13.7625
218,2.418917497,9.1950061712,1,0.219129716,0.124607243,0.38978200890000003,0.8857342649000001,29.1141497024,12.2056935069,0.3023280176,13.7975
219,1.9187530025,9.1950061712,1,0.2304783146,0.1676366081,0.43854113920000004,0.8523258669,28.7404234857,12.457529445,0.3081208104,13.885
220,2.0245390127,0.0,1,0.2502782691,0.17904870990000002,0.4940615417,0.8131454609000001,28.3985533131,12.6881836168,0.2866941239,13.9475
221,2.7071137486,0.0,1,0.3277786387,0.1395630035,0.4241719855,0.832563186,28.1413247247,12.8710675596,0.2714801061,13.99
222,2.3633138531,0.0,1,0.3899167479,0.10546858910000001,0.3185673517,0.8575290951000001,27.9886696158,12.9809288165,0.2761215076,14.0125
223,0.8871553400000001,0.0,1,0.3964710608,0.0768130523,0.242111066,0.8822089802,27.8077191731,13.1030082752,0.2863118448,14.08
224,1.3684758413,0.0,1,0.34928157660000003,0.0559241283,0.20488028590000001,0.9126329714,27.6130726465,13.2304481202,0.2880202269,14.1175
225,0.49185454370000004,0.0,1,0.3105140621,0.0411149005,0.1579111327,0.9364585716,27.4325556101,13.3471230549,0.2781551729,14.1625
226,-1.1584154787,0.0,1,0.2433641655,-0.0013519113,0.0424581879,0.9690043125000001,27.0970987382,13.559450225500001,0.2295066135,14.2
227,0.61005985,0.0,1,0.2147726629,0.0008722014,-0.0080826477,0.9766302337,26.9658487602,13.6394559514,0.2011861242,14.2275
228,5.3733667648,0.0,1,0.19049991400000002,-0.0077902673000000006,0.0295659879,0.9812109594,26.6815207897,13.7965704205,0.1733914105,14.2825
229,5.4960276635,0.0,1,0.20591278030000001,-0.0063676621,0.018936751800000002,0.9783663829,26.4478931404,13.8978627549,0.1875916703,14.33
230,4.3443263418,0.0,1,0.2893614416,-0.0083767063,-0.0246147731,0.9568667095000001,26.2472578306,13.9829915459,0.2002310621,14.375
231,-0.49063256,0.0,1,0.3942709981,-0.0122625788,0.0068672156000000005,0.9188867452,26.181442973,14.0823815763,0.1960746958,14.4275
232,2.0154712253,0.0,1,0.4294609487,-0.0042882384,0.0150727693,0.9029494538,26.1439678263,14.153060512,0.1935916869,14.4775
233,0.4344205714,0.0,1,0.45417308110000004,0.0073410039,0.0341532521,0.8902283288,26.116063599,14.2342925297,0.1944565443,14.5275
234,0.5754267466,0.0,1,0.4694333281,0.0125108696,0.029050149900000002,0.8824012225000001,26.096678011,14.2848423951,0.1967014467,14.58
235,0.5985251438,0.0,1,0.4866388367,-0.0023618224,0.016889038500000002,0.8734367892,26.0710381817,14.3253246728,0.1979146826,14.6275
236,0.5615396398,0.0,1,0.5037401549,-0.0071448945,0.0079796673,0.8637888236,26.0473146493,14.3578591899,0.1961406213,14.6775
237,0.5927263351000001,0.0,1,0.5122930217,-0.0073652153,0.0068909061,0.8587514943000001,26.0365614938,14.3819856753,0.1943553331,14.725
238,0.2537029011,0.0,1,0.511502915,-0.005494469300000001,0.0093574318,0.859213022,26.0313540642,14.3998131577,0.1942214303,14.7825
239,0.058678964400000005,0.0,1,0.5138811045,-0.0021969411,0.008561338600000001,0.857815882,26.0265782521,14.410807432,0.19516391630000002,14.8275
240,0.2833056577,0.0,1,0.5167718644,-0.0034819937000000003,0.0047592868,0.8561028356,26.0245786004,14.4134557534,0.19595777590000002,14.8775
241,-0.12153832390000001,0.0,1,0.5158978487,-0.0015103904,0.0035510636000000003,0.8566414176,26.0244671342,14.4136069681,0.1955833465,14.93
242,0.10130328620000001,0.0,1,0.5166696908,-0.000618154,0.0008309986,0.8561841846,26.0247344639,14.4132183552,0.1951969745,14.975
243,0.42396303100000005,0.0,1,0.5159416349,-0.0010368267,0.0021410123,0.8566204354,26.0248211886,14.4124587481,0.1955074185,15.03
244,-0.1921369701,0.0,1,0.5160844571000001,-0.0015668766,0.0013937328,0.8565351339,26.0250264465,14.4120568183,0.1957443254,15.0775
245,-0.11825049380000001,0.0,1,0.5159443238,-0.0009425609,0.0013211866,0.8566205816,26.0251015983,14.4126896762,0.196022531,15.135
246,0.010517479500000001,0.0,1,0.5156080628,-0.0001849683,0.0020060589,0.8568221911,26.0250389674,14.4131078561,0.19616375090000002,15.18
247,0.0284245823,0.0,1,0.5159077032,-0.0010703835,0.0020155763,0.8566411346,26.0248190238,14.4133407386,0.19585552150000002,15.2275
248,0.08507719600000001,0.0,1,0.516087952,-0.0017104778,0.0011984219,0.8565330489,26.025368664,14.411643454,0.19579483350000002,15.2775
249,0.012328412,0.0,1,0.516172779,-0.0030536854,0.0022887518,0.8564759768,26.0262045568,14.4095280673,0.196028426,15.3275
250,-0.1635104793,0.0,1,0.5156745303,-0.0025877188,0.0024164155,0.8567772426,26.0271763016,14.4071724234,0.1963338624,15.375
251,0.08509765350000001,0.0,1,0.5150039957,0.0009085424000000001,6.778e-05,0.8571872925,26.0281508368,14.4048462284,0.1962336583,15.43
252,-0.09903364890000001,0.0,1,0.5146222084000001,-0.0021868911,0.0018660455000000002,0.8574122217,26.0284089979,14.4046420809,0.1959982077,15.4775
253,-0.302526256,0.0,1,0.5148888954,-0.0020406582,0.0016931121000000001,0.8572528183,26.0286844512,14.4039553578,0.1961163841,15.53
254,0.26638583450000003,0.0,1,0.5144318658,-0.0016183287,0.0014772066,0.8575284569,26.0288937117,14.4035665061,0.1962929695,15.5775
255,-0.1680007826,0.0,1,0.5146964929,-0.0031928466000000003,0.0020573274,0.8573640378,26.0288318907,14.4034109043,0.1964337364,15.6275
256,0.0641067838,0.0,1,0.5145403716,-0.0007563565,0.0014957887,0.8574645162000001,26.0292190536,14.4026229161,0.1961396101,15.6775
257,0.2862627767,0.0,1,0.5146962573,-0.0018040307000000001,0.0013671260000000002,0.8573696048,26.0291255047,14.4028405266,0.1957203968,15.73
258,-0.3362053881,0.0,1,0.5148930835000001,-0.0036681673,0.0024610644,0.8572430229,26.029069005,14.4026672587,0.1960757863,15.7825
259,0.0482371345,0.0,1,0.5146110719,-0.00128911,0.0009267924,0.8574222553,26.0293156111,14.4021522299,0.1962430283,15.8275
260,-0.1937713438,0.0,1,0.5147670654000001,-0.0035469416000000003,0.0021407239,0.8573200714,26.0291788579,14.4027312396,0.1961437735,15.8775
261,-0.3098559416,0.0,1,0.5146946558000001,-0.0026998085,0.0018631495,0.8573672789000001,26.0292268071,14.4025909856,0.196032057,15.93
262,0.26214423470000003,0.0,1,0.5143940571,-0.0013120645000000001,0.0015017210000000001,0.8575516179,26.0295513627,14.4020044537,0.1960956614,15.9775
263,-0.1713099107,0.0,1,0.5144465952,-0.0037201602,0.0025178471,0.8575106539,26.0296158328,14.4022631676,0.19588451440000001,16.025
264,0.0115976142,0.0,1,0.5140417919,-0.0022165515,0.0020413306000000003,0.8577598476,26.0298706509,14.4024967824,0.195539325,16.08
265,0.3087576251,0.0,1,0.5141854295,-0.0025369097,0.0015321941,0.8576739244,26.0296195903,14.4032291624,0.19578856860000002,16.1325
266,-0.3428964051,0.0,1,0.5146971596000001,-0.0031202607,0.0018991542,0.8573642698,26.0290504797,14.4038981918,0.1959939711,16.18
267,0.08492189530000001,0.0,1,0.5144609395,-0.0012980499,0.0008322917,0.857512428,26.0290655318,14.4040026315,0.1958373319,16.23
268,0.0006789171,0.0,1,0.5147573989,-0.0031691865000000002,0.0019559514,0.8573277966,26.0286613811,14.4051599382,0.1958645568,16.28
269,-0.034744325900000005,0.0,1,0.5146037866000001,-0.0050037023,0.0031736733000000002,0.8574076239,26.0289887484,14.4046691588,0.19609710930000002,16.33
270,0.11509838110000001,0.0,1,0.5142874938,-0.0015472188,0.0008276044,0.8576160533,26.0294413657,14.4036041328,0.1959120969,16.3775
271,0.394839943,0.0,1,0.5145064013,-0.0031560194,0.0018710663,0.8574786888,26.0290998743,14.4041972726,0.1957590602,16.43
272,-0.2744451606,0.0,1,0.5144550903,-0.0042353994,0.0027389968,0.8575024894000001,26.028885673,14.4046851313,0.1958079311,16.475
273,0.09412387200000001,0.0,1,0.5146049697,-0.0018293728000000002,0.0014122984000000001,0.857424273,26.0285834008,14.405055289,0.1961284764,16.5275
274,-0.1383102193,0.0,1,0.5151088789,-0.0036540020000000004,0.0022925032,0.8571138988,26.0280822147,14.4061006468,0.1960070598,16.58
275,-0.3164185055,0.0,1,0.5150783527,-0.0036028235,0.0021623539,0.8571327986,26.0279406517,14.4064130098,0.19589471260000002,16.63
276,0.2914858167,0.0,1,0.5150633486,-0.0022627608000000002,0.0014190972,0.8571479528,26.0278951822,14.4067319886,0.1960532121,16.6775
277,-0.09199374540000001,0.0,1,0.5155161751,-0.0037429715,0.0022173012,0.8568688038000001,26.0275197085,14.4075802819,0.19595918340000001,16.73
278,0.2184869277,0.0,1,0.5151142998,-0.0012710841,0.0008628878000000001,0.8571201187,26.0278141558,14.4071378212,0.1956966011,16.7775
279,-0.18725056180000002,0.0,1,0.515554258,-0.0029242105,0.0017443311,0.8568501697,26.0272823377,14.4080090366,0.1957371077,16.825
280,-0.3890724438,0.0,1,0.5152351342,-0.0037005248,0.0029586904,0.8570357686000001,26.0272525391,14.4085051136,0.1958151487,16.8775
281,0.1911023476,0.0,1,0.5152625604000001,-0.0023687617000000003,0.0020686489,0.8570266061,26.0270639055,14.4090399701,0.1961024253,16.9275
282,-0.0038960631,0.0,1,0.5158326492,-0.0033402084,0.0021947787,0.8566800476,26.0264450374,14.4099954818,0.19620287620000001,16.9775
283,-0.30782720080000003,0.0,1,0.5158053653,-0.0030289392,0.0019254633,0.8566982802,26.026396637,14.410277274,0.19611951500000002,17.0275
284,0.33599345,0.0,1,0.5158334345,-0.0012852351,0.0008865484,0.8566874751,26.026369668,14.4105065494,0.1960363916,17.0775
285,-0.150013387,0.0,1,0.5159946393,-0.0039709353,0.0025937572,0.8565786808,26.0260105398,14.411100147,0.1959926156,17.135
286,0.010083312,0.0,1,0.5159613271,-0.0027086171,0.0015463024,0.8566061997000001,26.0260979486,14.4111243849,0.1957781898,17.18
287,-0.09318788680000001,0.0,1,0.5158755186,-0.001974647,0.001644463,0.8566597025,26.0259233912,14.4117917734,0.19582258800000002,17.225
288,-0.3732756786,0.0,1,0.5161549056,-0.0032385787,0.001948222,0.8564869114,26.02566447,14.4123271401,0.1960952587,17.2775
289,0.3183975027,0.0,1,0.5159994038,-0.0010229997,0.0009748102000000001,0.8565877763,26.0256352158,14.4126140475,0.1961519535,17.325
290,0.0009328849,0.0,1,0.5162496192,-0.0042396418,0.0025210759,0.8564239606,26.0252506431,14.4137464987,0.1960150106,17.375
291,0.0942309969,0.0,1,0.5161733835,-0.0056104072000000005,0.0034848103,0.8564586491,26.0257998057,14.4131019241,0.1958403615,17.4275
292,-0.1844886553,0.0,1,0.5161976783000001,-0.0034182277,0.0020804205,0.8564601243000001,26.0265447164,14.411149174,0.1959383773,17.4775
293,0.0121997806,0.0,1,0.5162158306,-0.0019870137,0.0012558237000000001,0.8564553058000001,26.0274347136,14.4090703644,0.1961250953,17.53
294,-0.35676118170000004,0.0,1,0.5162594675000001,-0.0042834397,0.0028960491,0.8564166202,26.0280260899,14.4081450543,0.19624654800000002,17.575
